gen,ind,fit,avg,max,min
0,1,0.6666010465068815,0.32006991243374394,0.771808477930265,0.0031320737065666775
0,2,0.6428868725972718,0.32006991243374394,0.771808477930265,0.0031320737065666775
0,3,0.01045702630200939,0.32006991243374394,0.771808477930265,0.0031320737065666775
0,4,0.6937120973170844,0.32006991243374394,0.771808477930265,0.0031320737065666775
0,5,0.0031320737065666775,0.32006991243374394,0.771808477930265,0.0031320737065666775
0,6,0.771808477930265,0.32006991243374394,0.771808477930265,0.0031320737065666775
0,7,0.02915183788635398,0.32006991243374394,0.771808477930265,0.0031320737065666775
0,8,0.10590221028867877,0.32006991243374394,0.771808477930265,0.0031320737065666775
0,9,0.09023607674094136,0.32006991243374394,0.771808477930265,0.0031320737065666775
0,10,0.18681140506138685,0.32006991243374394,0.771808477930265,0.0031320737065666775
1,1,0.6931722674374979,0.6462876322436397,0.771808477930265,0.09023607674094136
1,2,0.6671304307288402,0.6462876322436397,0.771808477930265,0.09023607674094136
1,3,0.6666010465068815,0.6462876322436397,0.771808477930265,0.09023607674094136
1,4,0.09023607674094136,0.6462876322436397,0.771808477930265,0.09023607674094136
1,5,0.771808477930265,0.6462876322436397,0.771808477930265,0.09023607674094136
1,6,0.6428868725972718,0.6462876322436397,0.771808477930265,0.09023607674094136
1,7,0.771808477930265,0.6462876322436397,0.771808477930265,0.09023607674094136
1,8,0.771808477930265,0.6462876322436397,0.771808477930265,0.09023607674094136
1,9,0.6937120973170844,0.6462876322436397,0.771808477930265,0.09023607674094136
1,10,0.6937120973170844,0.6462876322436397,0.771808477930265,0.09023607674094136
2,1,0.771808477930265,0.7718084779302651,0.771808477930265,0.771808477930265
2,2,0.771808477930265,0.7718084779302651,0.771808477930265,0.771808477930265
2,3,0.771808477930265,0.7718084779302651,0.771808477930265,0.771808477930265
2,4,0.771808477930265,0.7718084779302651,0.771808477930265,0.771808477930265
2,5,0.771808477930265,0.7718084779302651,0.771808477930265,0.771808477930265
2,6,0.771808477930265,0.7718084779302651,0.771808477930265,0.771808477930265
2,7,0.771808477930265,0.7718084779302651,0.771808477930265,0.771808477930265
2,8,0.771808477930265,0.7718084779302651,0.771808477930265,0.771808477930265
2,9,0.771808477930265,0.7718084779302651,0.771808477930265,0.771808477930265
2,10,0.771808477930265,0.7718084779302651,0.771808477930265,0.771808477930265
3,1,0.771808477930265,0.7718283095627281,0.7719076360925804,0.771808477930265
3,2,0.771808477930265,0.7718283095627281,0.7719076360925804,0.771808477930265
3,3,0.771808477930265,0.7718283095627281,0.7719076360925804,0.771808477930265
3,4,0.7719076360925804,0.7718283095627281,0.7719076360925804,0.771808477930265
3,5,0.771808477930265,0.7718283095627281,0.7719076360925804,0.771808477930265
3,6,0.771808477930265,0.7718283095627281,0.7719076360925804,0.771808477930265
3,7,0.771808477930265,0.7718283095627281,0.7719076360925804,0.771808477930265
3,8,0.7719076360925804,0.7718283095627281,0.7719076360925804,0.771808477930265
3,9,0.771808477930265,0.7718283095627281,0.7719076360925804,0.771808477930265
3,10,0.771808477930265,0.7718283095627281,0.7719076360925804,0.771808477930265
4,1,0.771808477930265,0.7718579470394549,0.7719076360925804,0.771808477930265
4,2,0.771808477930265,0.7718579470394549,0.7719076360925804,0.771808477930265
4,3,0.771808477930265,0.7718579470394549,0.7719076360925804,0.771808477930265
4,4,0.771808477930265,0.7718579470394549,0.7719076360925804,0.771808477930265
4,5,0.7719076360925804,0.7718579470394549,0.7719076360925804,0.771808477930265
4,6,0.7719065363731129,0.7718579470394549,0.7719076360925804,0.771808477930265
4,7,0.7719076360925804,0.7718579470394549,0.7719076360925804,0.771808477930265
4,8,0.7719076360925804,0.7718579470394549,0.7719076360925804,0.771808477930265
4,9,0.7718084812030305,0.7718579470394549,0.7719076360925804,0.771808477930265
4,10,0.7719076328196046,0.7718579470394549,0.7719076360925804,0.771808477930265
5,1,0.7719076360925804,0.7719075257933359,0.7719076360925804,0.7719065363731129
5,2,0.7719076360925804,0.7719075257933359,0.7719076360925804,0.7719065363731129
5,3,0.7719076360925804,0.7719075257933359,0.7719076360925804,0.7719065363731129
5,4,0.7719076360925804,0.7719075257933359,0.7719076360925804,0.7719065363731129
5,5,0.7719076360925804,0.7719075257933359,0.7719076360925804,0.7719065363731129
5,6,0.7719065363731129,0.7719075257933359,0.7719076360925804,0.7719065363731129
5,7,0.7719076360925804,0.7719075257933359,0.7719076360925804,0.7719065363731129
5,8,0.7719076328196046,0.7719075257933359,0.7719076360925804,0.7719065363731129
5,9,0.7719076360925804,0.7719075257933359,0.7719076360925804,0.7719065363731129
5,10,0.7719076360925804,0.7719075257933359,0.7719076360925804,0.7719065363731129
6,1,0.7719076360925804,0.7719076360925803,0.7719076360925804,0.7719076360925804
6,2,0.7719076360925804,0.7719076360925803,0.7719076360925804,0.7719076360925804
6,3,0.7719076360925804,0.7719076360925803,0.7719076360925804,0.7719076360925804
6,4,0.7719076360925804,0.7719076360925803,0.7719076360925804,0.7719076360925804
6,5,0.7719076360925804,0.7719076360925803,0.7719076360925804,0.7719076360925804
6,6,0.7719076360925804,0.7719076360925803,0.7719076360925804,0.7719076360925804
6,7,0.7719076360925804,0.7719076360925803,0.7719076360925804,0.7719076360925804
6,8,0.7719076360925804,0.7719076360925803,0.7719076360925804,0.7719076360925804
6,9,0.7719076360925804,0.7719076360925803,0.7719076360925804,0.7719076360925804
6,10,0.7719076360925804,0.7719076360925803,0.7719076360925804,0.7719076360925804
7,1,0.7719076360925804,0.7719076360925803,0.7719076360925804,0.7719076360925804
7,2,0.7719076360925804,0.7719076360925803,0.7719076360925804,0.7719076360925804
7,3,0.7719076360925804,0.7719076360925803,0.7719076360925804,0.7719076360925804
7,4,0.7719076360925804,0.7719076360925803,0.7719076360925804,0.7719076360925804
7,5,0.7719076360925804,0.7719076360925803,0.7719076360925804,0.7719076360925804
7,6,0.7719076360925804,0.7719076360925803,0.7719076360925804,0.7719076360925804
7,7,0.7719076360925804,0.7719076360925803,0.7719076360925804,0.7719076360925804
7,8,0.7719076360925804,0.7719076360925803,0.7719076360925804,0.7719076360925804
7,9,0.7719076360925804,0.7719076360925803,0.7719076360925804,0.7719076360925804
7,10,0.7719076360925804,0.7719076360925803,0.7719076360925804,0.7719076360925804
8,1,0.7719076360925804,0.7719076360925803,0.7719076360925804,0.7719076360925804
8,2,0.7719076360925804,0.7719076360925803,0.7719076360925804,0.7719076360925804
8,3,0.7719076360925804,0.7719076360925803,0.7719076360925804,0.7719076360925804
8,4,0.7719076360925804,0.7719076360925803,0.7719076360925804,0.7719076360925804
8,5,0.7719076360925804,0.7719076360925803,0.7719076360925804,0.7719076360925804
8,6,0.7719076360925804,0.7719076360925803,0.7719076360925804,0.7719076360925804
8,7,0.7719076360925804,0.7719076360925803,0.7719076360925804,0.7719076360925804
8,8,0.7719076360925804,0.7719076360925803,0.7719076360925804,0.7719076360925804
8,9,0.7719076360925804,0.7719076360925803,0.7719076360925804,0.7719076360925804
8,10,0.7719076360925804,0.7719076360925803,0.7719076360925804,0.7719076360925804
9,1,0.7719076360925804,0.7719076360925803,0.7719076360925804,0.7719076360925804
9,2,0.7719076360925804,0.7719076360925803,0.7719076360925804,0.7719076360925804
9,3,0.7719076360925804,0.7719076360925803,0.7719076360925804,0.7719076360925804
9,4,0.7719076360925804,0.7719076360925803,0.7719076360925804,0.7719076360925804
9,5,0.7719076360925804,0.7719076360925803,0.7719076360925804,0.7719076360925804
9,6,0.7719076360925804,0.7719076360925803,0.7719076360925804,0.7719076360925804
9,7,0.7719076360925804,0.7719076360925803,0.7719076360925804,0.7719076360925804
9,8,0.7719076360925804,0.7719076360925803,0.7719076360925804,0.7719076360925804
9,9,0.7719076360925804,0.7719076360925803,0.7719076360925804,0.7719076360925804
9,10,0.7719076360925804,0.7719076360925803,0.7719076360925804,0.7719076360925804
10,1,0.7719076360925804,0.7719076360925803,0.7719076360925804,0.7719076360925804
10,2,0.7719076360925804,0.7719076360925803,0.7719076360925804,0.7719076360925804
10,3,0.7719076360925804,0.7719076360925803,0.7719076360925804,0.7719076360925804
10,4,0.7719076360925804,0.7719076360925803,0.7719076360925804,0.7719076360925804
10,5,0.7719076360925804,0.7719076360925803,0.7719076360925804,0.7719076360925804
10,6,0.7719076360925804,0.7719076360925803,0.7719076360925804,0.7719076360925804
10,7,0.7719076360925804,0.7719076360925803,0.7719076360925804,0.7719076360925804
10,8,0.7719076360925804,0.7719076360925803,0.7719076360925804,0.7719076360925804
10,9,0.7719076360925804,0.7719076360925803,0.7719076360925804,0.7719076360925804
10,10,0.7719076360925804,0.7719076360925803,0.7719076360925804,0.7719076360925804
11,1,0.7719076360925804,0.7719076360925803,0.7719076360925804,0.7719076360925804
11,2,0.7719076360925804,0.7719076360925803,0.7719076360925804,0.7719076360925804
11,3,0.7719076360925804,0.7719076360925803,0.7719076360925804,0.7719076360925804
11,4,0.7719076360925804,0.7719076360925803,0.7719076360925804,0.7719076360925804
11,5,0.7719076360925804,0.7719076360925803,0.7719076360925804,0.7719076360925804
11,6,0.7719076360925804,0.7719076360925803,0.7719076360925804,0.7719076360925804
11,7,0.7719076360925804,0.7719076360925803,0.7719076360925804,0.7719076360925804
11,8,0.7719076360925804,0.7719076360925803,0.7719076360925804,0.7719076360925804
11,9,0.7719076360925804,0.7719076360925803,0.7719076360925804,0.7719076360925804
11,10,0.7719076360925804,0.7719076360925803,0.7719076360925804,0.7719076360925804
12,1,0.7719076360925804,0.7719076360925803,0.7719076360925804,0.7719076360925804
12,2,0.7719076360925804,0.7719076360925803,0.7719076360925804,0.7719076360925804
12,3,0.7719076360925804,0.7719076360925803,0.7719076360925804,0.7719076360925804
12,4,0.7719076360925804,0.7719076360925803,0.7719076360925804,0.7719076360925804
12,5,0.7719076360925804,0.7719076360925803,0.7719076360925804,0.7719076360925804
12,6,0.7719076360925804,0.7719076360925803,0.7719076360925804,0.7719076360925804
12,7,0.7719076360925804,0.7719076360925803,0.7719076360925804,0.7719076360925804
12,8,0.7719076360925804,0.7719076360925803,0.7719076360925804,0.7719076360925804
12,9,0.7719076360925804,0.7719076360925803,0.7719076360925804,0.7719076360925804
12,10,0.7719076360925804,0.7719076360925803,0.7719076360925804,0.7719076360925804
13,1,0.7719076360925804,0.7719076360925803,0.7719076360925804,0.7719076360925804
13,2,0.7719076360925804,0.7719076360925803,0.7719076360925804,0.7719076360925804
13,3,0.7719076360925804,0.7719076360925803,0.7719076360925804,0.7719076360925804
13,4,0.7719076360925804,0.7719076360925803,0.7719076360925804,0.7719076360925804
13,5,0.7719076360925804,0.7719076360925803,0.7719076360925804,0.7719076360925804
13,6,0.7719076360925804,0.7719076360925803,0.7719076360925804,0.7719076360925804
13,7,0.7719076360925804,0.7719076360925803,0.7719076360925804,0.7719076360925804
13,8,0.7719076360925804,0.7719076360925803,0.7719076360925804,0.7719076360925804
13,9,0.7719076360925804,0.7719076360925803,0.7719076360925804,0.7719076360925804
13,10,0.7719076360925804,0.7719076360925803,0.7719076360925804,0.7719076360925804
14,1,0.7719076360925804,0.7719076360925803,0.7719076360925804,0.7719076360925804
14,2,0.7719076360925804,0.7719076360925803,0.7719076360925804,0.7719076360925804
14,3,0.7719076360925804,0.7719076360925803,0.7719076360925804,0.7719076360925804
14,4,0.7719076360925804,0.7719076360925803,0.7719076360925804,0.7719076360925804
14,5,0.7719076360925804,0.7719076360925803,0.7719076360925804,0.7719076360925804
14,6,0.7719076360925804,0.7719076360925803,0.7719076360925804,0.7719076360925804
14,7,0.7719076360925804,0.7719076360925803,0.7719076360925804,0.7719076360925804
14,8,0.7719076360925804,0.7719076360925803,0.7719076360925804,0.7719076360925804
14,9,0.7719076360925804,0.7719076360925803,0.7719076360925804,0.7719076360925804
14,10,0.7719076360925804,0.7719076360925803,0.7719076360925804,0.7719076360925804
15,1,0.7719084739746053,0.7719078013779023,0.7719084739746053,0.7719076131817502
15,2,0.7719076360925804,0.7719078013779023,0.7719084739746053,0.7719076131817502
15,3,0.7719076360925804,0.7719078013779023,0.7719084739746053,0.7719076131817502
15,4,0.7719076131817502,0.7719078013779023,0.7719084739746053,0.7719076131817502
15,5,0.7719076360925804,0.7719078013779023,0.7719084739746053,0.7719076131817502
15,6,0.7719076360925804,0.7719078013779023,0.7719084739746053,0.7719076131817502
15,7,0.7719076360925804,0.7719078013779023,0.7719084739746053,0.7719076131817502
15,8,0.7719084739746053,0.7719078013779023,0.7719084739746053,0.7719076131817502
15,9,0.7719076360925804,0.7719078013779023,0.7719084739746053,0.7719076131817502
15,10,0.7719076360925804,0.7719078013779023,0.7719084739746053,0.7719076131817502
16,1,0.7719076360925804,0.7719080550335927,0.7719084739746053,0.7719076360925804
16,2,0.7719076360925804,0.7719080550335927,0.7719084739746053,0.7719076360925804
16,3,0.7719084739746053,0.7719080550335927,0.7719084739746053,0.7719076360925804
16,4,0.7719084739746053,0.7719080550335927,0.7719084739746053,0.7719076360925804
16,5,0.7719084739746053,0.7719080550335927,0.7719084739746053,0.7719076360925804
16,6,0.7719076360925804,0.7719080550335927,0.7719084739746053,0.7719076360925804
16,7,0.7719076360925804,0.7719080550335927,0.7719084739746053,0.7719076360925804
16,8,0.7719076360925804,0.7719080550335927,0.7719084739746053,0.7719076360925804
16,9,0.7719084739746053,0.7719080550335927,0.7719084739746053,0.7719076360925804
16,10,0.7719084739746053,0.7719080550335927,0.7719084739746053,0.7719076360925804
17,1,0.7719084739746053,0.7812498899069789,0.8653217954158623,0.7719084739746053
17,2,0.7719084739746053,0.7812498899069789,0.8653217954158623,0.7719084739746053
17,3,0.7719084739746053,0.7812498899069789,0.8653217954158623,0.7719084739746053
17,4,0.7719084739746053,0.7812498899069789,0.8653217954158623,0.7719084739746053
17,5,0.8653217954158623,0.7812498899069789,0.8653217954158623,0.7719084739746053
17,6,0.7719093118570849,0.7812498899069789,0.8653217954158623,0.7719084739746053
17,7,0.7719084739746053,0.7812498899069789,0.8653217954158623,0.7719084739746053
17,8,0.7719084739746053,0.7812498899069789,0.8653217954158623,0.7719084739746053
17,9,0.7719084739746053,0.7812498899069789,0.8653217954158623,0.7719084739746053
17,10,0.7719084739746053,0.7812498899069789,0.8653217954158623,0.7719084739746053
18,1,0.7719085328882024,0.8092815109098431,0.8653217954158623,0.7719084739746053
18,2,0.8653217330392992,0.8092815109098431,0.8653217954158623,0.7719084739746053
18,3,0.7719093118570849,0.8092815109098431,0.8653217954158623,0.7719084739746053
18,4,0.7719847231424417,0.8092815109098431,0.8653217954158623,0.7719084739746053
18,5,0.7719084739746053,0.8092815109098431,0.8653217954158623,0.7719084739746053
18,6,0.7719084739746053,0.8092815109098431,0.8653217954158623,0.7719084739746053
18,7,0.8653217954158623,0.8092815109098431,0.8653217954158623,0.7719084739746053
18,8,0.8653217954158623,0.8092815109098431,0.8653217954158623,0.7719084739746053
18,9,0.7719084739746053,0.8092815109098431,0.8653217954158623,0.7719084739746053
18,10,0.8653217954158623,0.8092815109098431,0.8653217954158623,0.7719084739746053
19,1,0.8653217261085702,0.8653217767028935,0.8653218023465916,0.8653217261085702
19,2,0.8653218023465916,0.8653217767028935,0.8653218023465916,0.8653217261085702
19,3,0.8653217954158623,0.8653217767028935,0.8653218023465916,0.8653217261085702
19,4,0.8653217954158623,0.8653217767028935,0.8653218023465916,0.8653217261085702
19,5,0.8653217954158623,0.8653217767028935,0.8653218023465916,0.8653217261085702
19,6,0.8653217330392992,0.8653217767028935,0.8653218023465916,0.8653217261085702
19,7,0.8653217330392992,0.8653217767028935,0.8653218023465916,0.8653217261085702
19,8,0.8653217954158623,0.8653217767028935,0.8653218023465916,0.8653217261085702
19,9,0.8653217954158623,0.8653217767028935,0.8653218023465916,0.8653217261085702
19,10,0.8653217954158623,0.8653217767028935,0.8653218023465916,0.8653217261085702
20,1,0.8653217954158623,0.8653148800708109,0.8653218023465916,0.8652530162246894
20,2,0.8653217954158623,0.8653148800708109,0.8653218023465916,0.8652530162246894
20,3,0.8653217954158623,0.8653148800708109,0.8653218023465916,0.8652530162246894
20,4,0.8653218023465916,0.8653148800708109,0.8653218023465916,0.8652530162246894
20,5,0.8653217954158623,0.8653148800708109,0.8653218023465916,0.8652530162246894
20,6,0.8653214072950629,0.8653148800708109,0.8653218023465916,0.8652530162246894
20,7,0.8653218023465916,0.8653148800708109,0.8653218023465916,0.8652530162246894
20,8,0.8653217954158623,0.8653148800708109,0.8653218023465916,0.8652530162246894
20,9,0.8652530162246894,0.8653148800708109,0.8653218023465916,0.8652530162246894
20,10,0.8653217954158623,0.8653148800708109,0.8653218023465916,0.8652530162246894
21,1,0.8653217954158623,0.8653217981881539,0.8653218023465916,0.8653217954158623
21,2,0.8653217954158623,0.8653217981881539,0.8653218023465916,0.8653217954158623
21,3,0.8653218023465916,0.8653217981881539,0.8653218023465916,0.8653217954158623
21,4,0.8653217954158623,0.8653217981881539,0.8653218023465916,0.8653217954158623
21,5,0.8653217954158623,0.8653217981881539,0.8653218023465916,0.8653217954158623
21,6,0.8653217954158623,0.8653217981881539,0.8653218023465916,0.8653217954158623
21,7,0.8653218023465916,0.8653217981881539,0.8653218023465916,0.8653217954158623
21,8,0.8653217954158623,0.8653217981881539,0.8653218023465916,0.8653217954158623
21,9,0.8653218023465916,0.8653217981881539,0.8653218023465916,0.8653217954158623
21,10,0.8653218023465916,0.8653217981881539,0.8653218023465916,0.8653217954158623
22,1,0.8653218023465916,0.8591825733981583,0.8653218023465916,0.8039295197929861
22,2,0.8653218023465916,0.8591825733981583,0.8653218023465916,0.8039295197929861
22,3,0.8653218023465916,0.8591825733981583,0.8653218023465916,0.8039295197929861
22,4,0.8653217954158623,0.8591825733981583,0.8653218023465916,0.8039295197929861
22,5,0.8653218023465916,0.8591825733981583,0.8653218023465916,0.8039295197929861
22,6,0.8653218023465916,0.8591825733981583,0.8653218023465916,0.8039295197929861
22,7,0.8039295197929861,0.8591825733981583,0.8653218023465916,0.8039295197929861
22,8,0.8653218023465916,0.8591825733981583,0.8653218023465916,0.8039295197929861
22,9,0.8653218023465916,0.8591825733981583,0.8653218023465916,0.8039295197929861
22,10,0.8653218023465916,0.8591825733981583,0.8653218023465916,0.8039295197929861
23,1,0.8653218023465916,0.8653218023465916,0.8653218023465916,0.8653218023465916
23,2,0.8653218023465916,0.8653218023465916,0.8653218023465916,0.8653218023465916
23,3,0.8653218023465916,0.8653218023465916,0.8653218023465916,0.8653218023465916
23,4,0.8653218023465916,0.8653218023465916,0.8653218023465916,0.8653218023465916
23,5,0.8653218023465916,0.8653218023465916,0.8653218023465916,0.8653218023465916
23,6,0.8653218023465916,0.8653218023465916,0.8653218023465916,0.8653218023465916
23,7,0.8653218023465916,0.8653218023465916,0.8653218023465916,0.8653218023465916
23,8,0.8653218023465916,0.8653218023465916,0.8653218023465916,0.8653218023465916
23,9,0.8653218023465916,0.8653218023465916,0.8653218023465916,0.8653218023465916
23,10,0.8653218023465916,0.8653218023465916,0.8653218023465916,0.8653218023465916
24,1,0.8653218023465916,0.8653218023465916,0.8653218023465916,0.8653218023465916
24,2,0.8653218023465916,0.8653218023465916,0.8653218023465916,0.8653218023465916
24,3,0.8653218023465916,0.8653218023465916,0.8653218023465916,0.8653218023465916
24,4,0.8653218023465916,0.8653218023465916,0.8653218023465916,0.8653218023465916
24,5,0.8653218023465916,0.8653218023465916,0.8653218023465916,0.8653218023465916
24,6,0.8653218023465916,0.8653218023465916,0.8653218023465916,0.8653218023465916
24,7,0.8653218023465916,0.8653218023465916,0.8653218023465916,0.8653218023465916
24,8,0.8653218023465916,0.8653218023465916,0.8653218023465916,0.8653218023465916
24,9,0.8653218023465916,0.8653218023465916,0.8653218023465916,0.8653218023465916
24,10,0.8653218023465916,0.8653218023465916,0.8653218023465916,0.8653218023465916
25,1,0.8653218023465916,0.8503493075181435,0.8653218231387798,0.715596833269923
25,2,0.8653218023465916,0.8503493075181435,0.8653218231387798,0.715596833269923
25,3,0.8653218231387798,0.8503493075181435,0.8653218231387798,0.715596833269923
25,4,0.8653218023465916,0.8503493075181435,0.8653218231387798,0.715596833269923
25,5,0.8653218023465916,0.8503493075181435,0.8653218231387798,0.715596833269923
25,6,0.8653218023465916,0.8503493075181435,0.8653218231387798,0.715596833269923
25,7,0.8653218023465916,0.8503493075181435,0.8653218231387798,0.715596833269923
25,8,0.8653218023465916,0.8503493075181435,0.8653218231387798,0.715596833269923
25,9,0.8653218023465916,0.8503493075181435,0.8653218231387798,0.715596833269923
25,10,0.715596833269923,0.8503493075181435,0.8653218231387798,0.715596833269923
26,1,0.8653218231387798,0.865321810663467,0.8653218231387798,0.8653218023465916
26,2,0.8653218023465916,0.865321810663467,0.8653218231387798,0.8653218023465916
26,3,0.8653218023465916,0.865321810663467,0.8653218231387798,0.8653218023465916
26,4,0.8653218231387798,0.865321810663467,0.8653218231387798,0.8653218023465916
26,5,0.8653218231387798,0.865321810663467,0.8653218231387798,0.8653218023465916
26,6,0.8653218023465916,0.865321810663467,0.8653218231387798,0.8653218023465916
26,7,0.8653218023465916,0.865321810663467,0.8653218231387798,0.8653218023465916
26,8,0.8653218023465916,0.865321810663467,0.8653218231387798,0.8653218023465916
26,9,0.8653218231387798,0.865321810663467,0.8653218231387798,0.8653218023465916
26,10,0.8653218023465916,0.865321810663467,0.8653218231387798,0.8653218023465916
27,1,0.8653218231387798,0.8653218169011234,0.8653218231387798,0.8653218023465916
27,2,0.8653218023465916,0.8653218169011234,0.8653218231387798,0.8653218023465916
27,3,0.8653218231387798,0.8653218169011234,0.8653218231387798,0.8653218023465916
27,4,0.8653218023465916,0.8653218169011234,0.8653218231387798,0.8653218023465916
27,5,0.8653218231387798,0.8653218169011234,0.8653218231387798,0.8653218023465916
27,6,0.8653218231387798,0.8653218169011234,0.8653218231387798,0.8653218023465916
27,7,0.8653218231387798,0.8653218169011234,0.8653218231387798,0.8653218023465916
27,8,0.8653218231387798,0.8653218169011234,0.8653218231387798,0.8653218023465916
27,9,0.8653218231387798,0.8653218169011234,0.8653218231387798,0.8653218023465916
27,10,0.8653218023465916,0.8653218169011234,0.8653218231387798,0.8653218023465916
28,1,0.8653218231387798,0.8653218231387798,0.8653218231387798,0.8653218231387798
28,2,0.8653218231387798,0.8653218231387798,0.8653218231387798,0.8653218231387798
28,3,0.8653218231387798,0.8653218231387798,0.8653218231387798,0.8653218231387798
28,4,0.8653218231387798,0.8653218231387798,0.8653218231387798,0.8653218231387798
28,5,0.8653218231387798,0.8653218231387798,0.8653218231387798,0.8653218231387798
28,6,0.8653218231387798,0.8653218231387798,0.8653218231387798,0.8653218231387798
28,7,0.8653218231387798,0.8653218231387798,0.8653218231387798,0.8653218231387798
28,8,0.8653218231387798,0.8653218231387798,0.8653218231387798,0.8653218231387798
28,9,0.8653218231387798,0.8653218231387798,0.8653218231387798,0.8653218231387798
28,10,0.8653218231387798,0.8653218231387798,0.8653218231387798,0.8653218231387798
29,1,0.8653218231387798,0.8653473744657442,0.8655773364084226,0.8653218231387798
29,2,0.8653218231387798,0.8653473744657442,0.8655773364084226,0.8653218231387798
29,3,0.8653218231387798,0.8653473744657442,0.8655773364084226,0.8653218231387798
29,4,0.8655773364084226,0.8653473744657442,0.8655773364084226,0.8653218231387798
29,5,0.8653218231387798,0.8653473744657442,0.8655773364084226,0.8653218231387798
29,6,0.8653218231387798,0.8653473744657442,0.8655773364084226,0.8653218231387798
29,7,0.8653218231387798,0.8653473744657442,0.8655773364084226,0.8653218231387798
29,8,0.8653218231387798,0.8653473744657442,0.8655773364084226,0.8653218231387798
29,9,0.8653218231387798,0.8653473744657442,0.8655773364084226,0.8653218231387798
29,10,0.8653218231387798,0.8653473744657442,0.8655773364084226,0.8653218231387798
30,1,0.8653218231387798,0.8653124112631518,0.8655773364084226,0.8649805738098223
30,2,0.8653218231387798,0.8653124112631518,0.8655773364084226,0.8649805738098223
30,3,0.8653134404418145,0.8653124112631518,0.8655773364084226,0.8649805738098223
30,4,0.8653218231387798,0.8653124112631518,0.8655773364084226,0.8649805738098223
30,5,0.8649805738098223,0.8653124112631518,0.8655773364084226,0.8649805738098223
30,6,0.8653218231387798,0.8653124112631518,0.8655773364084226,0.8649805738098223
30,7,0.8653218231387798,0.8653124112631518,0.8655773364084226,0.8649805738098223
30,8,0.8655773364084226,0.8653124112631518,0.8655773364084226,0.8649805738098223
30,9,0.8653218231387798,0.8653124112631518,0.8655773364084226,0.8649805738098223
30,10,0.8653218231387798,0.8653124112631518,0.8655773364084226,0.8649805738098223
31,1,0.8655773364084226,0.8654495797736013,0.8655773364084226,0.8653218231387798
31,2,0.8653218231387798,0.8654495797736013,0.8655773364084226,0.8653218231387798
31,3,0.8653218231387798,0.8654495797736013,0.8655773364084226,0.8653218231387798
31,4,0.8653218231387798,0.8654495797736013,0.8655773364084226,0.8653218231387798
31,5,0.8655773364084226,0.8654495797736013,0.8655773364084226,0.8653218231387798
31,6,0.8655773364084226,0.8654495797736013,0.8655773364084226,0.8653218231387798
31,7,0.8655773364084226,0.8654495797736013,0.8655773364084226,0.8653218231387798
31,8,0.8653218231387798,0.8654495797736013,0.8655773364084226,0.8653218231387798
31,9,0.8655773364084226,0.8654495797736013,0.8655773364084226,0.8653218231387798
31,10,0.8653218231387798,0.8654495797736013,0.8655773364084226,0.8653218231387798
32,1,0.8655773364084226,0.8653918051040369,0.8655773364084226,0.8646496798864941
32,2,0.8655773364084226,0.8653918051040369,0.8655773364084226,0.8646496798864941
32,3,0.8646496798864941,0.8653918051040369,0.8655773364084226,0.8646496798864941
32,4,0.8655773364084226,0.8653918051040369,0.8655773364084226,0.8646496798864941
32,5,0.8655773364084226,0.8653918051040369,0.8655773364084226,0.8646496798864941
32,6,0.8655773364084226,0.8653918051040369,0.8655773364084226,0.8646496798864941
32,7,0.8646496798864941,0.8653918051040369,0.8655773364084226,0.8646496798864941
32,8,0.8655773364084226,0.8653918051040369,0.8655773364084226,0.8646496798864941
32,9,0.8655773364084226,0.8653918051040369,0.8655773364084226,0.8646496798864941
32,10,0.8655773364084226,0.8653918051040369,0.8655773364084226,0.8646496798864941
33,1,0.8655773364084226,0.8655773364084227,0.8655773364084226,0.8655773364084226
33,2,0.8655773364084226,0.8655773364084227,0.8655773364084226,0.8655773364084226
33,3,0.8655773364084226,0.8655773364084227,0.8655773364084226,0.8655773364084226
33,4,0.8655773364084226,0.8655773364084227,0.8655773364084226,0.8655773364084226
33,5,0.8655773364084226,0.8655773364084227,0.8655773364084226,0.8655773364084226
33,6,0.8655773364084226,0.8655773364084227,0.8655773364084226,0.8655773364084226
33,7,0.8655773364084226,0.8655773364084227,0.8655773364084226,0.8655773364084226
33,8,0.8655773364084226,0.8655773364084227,0.8655773364084226,0.8655773364084226
33,9,0.8655773364084226,0.8655773364084227,0.8655773364084226,0.8655773364084226
33,10,0.8655773364084226,0.8655773364084227,0.8655773364084226,0.8655773364084226
34,1,0.8655773364084226,0.8655773364084227,0.8655773364084226,0.8655773364084226
34,2,0.8655773364084226,0.8655773364084227,0.8655773364084226,0.8655773364084226
34,3,0.8655773364084226,0.8655773364084227,0.8655773364084226,0.8655773364084226
34,4,0.8655773364084226,0.8655773364084227,0.8655773364084226,0.8655773364084226
34,5,0.8655773364084226,0.8655773364084227,0.8655773364084226,0.8655773364084226
34,6,0.8655773364084226,0.8655773364084227,0.8655773364084226,0.8655773364084226
34,7,0.8655773364084226,0.8655773364084227,0.8655773364084226,0.8655773364084226
34,8,0.8655773364084226,0.8655773364084227,0.8655773364084226,0.8655773364084226
34,9,0.8655773364084226,0.8655773364084227,0.8655773364084226,0.8655773364084226
34,10,0.8655773364084226,0.8655773364084227,0.8655773364084226,0.8655773364084226
35,1,0.8655773364084226,0.8655773364084227,0.8655773364084226,0.8655773364084226
35,2,0.8655773364084226,0.8655773364084227,0.8655773364084226,0.8655773364084226
35,3,0.8655773364084226,0.8655773364084227,0.8655773364084226,0.8655773364084226
35,4,0.8655773364084226,0.8655773364084227,0.8655773364084226,0.8655773364084226
35,5,0.8655773364084226,0.8655773364084227,0.8655773364084226,0.8655773364084226
35,6,0.8655773364084226,0.8655773364084227,0.8655773364084226,0.8655773364084226
35,7,0.8655773364084226,0.8655773364084227,0.8655773364084226,0.8655773364084226
35,8,0.8655773364084226,0.8655773364084227,0.8655773364084226,0.8655773364084226
35,9,0.8655773364084226,0.8655773364084227,0.8655773364084226,0.8655773364084226
35,10,0.8655773364084226,0.8655773364084227,0.8655773364084226,0.8655773364084226
36,1,0.8655773364084226,0.8655772639716229,0.8655773364084226,0.8655766120404242
36,2,0.8655766120404242,0.8655772639716229,0.8655773364084226,0.8655766120404242
36,3,0.8655773364084226,0.8655772639716229,0.8655773364084226,0.8655766120404242
36,4,0.8655773364084226,0.8655772639716229,0.8655773364084226,0.8655766120404242
36,5,0.8655773364084226,0.8655772639716229,0.8655773364084226,0.8655766120404242
36,6,0.8655773364084226,0.8655772639716229,0.8655773364084226,0.8655766120404242
36,7,0.8655773364084226,0.8655772639716229,0.8655773364084226,0.8655766120404242
36,8,0.8655773364084226,0.8655772639716229,0.8655773364084226,0.8655766120404242
36,9,0.8655773364084226,0.8655772639716229,0.8655773364084226,0.8655766120404242
36,10,0.8655773364084226,0.8655772639716229,0.8655773364084226,0.8655766120404242
37,1,0.8655766120404242,0.865577191534823,0.8655773364084226,0.8655766120404242
37,2,0.8655773364084226,0.865577191534823,0.8655773364084226,0.8655766120404242
37,3,0.8655773364084226,0.865577191534823,0.8655773364084226,0.8655766120404242
37,4,0.8655773364084226,0.865577191534823,0.8655773364084226,0.8655766120404242
37,5,0.8655773364084226,0.865577191534823,0.8655773364084226,0.8655766120404242
37,6,0.8655773364084226,0.865577191534823,0.8655773364084226,0.8655766120404242
37,7,0.8655773364084226,0.865577191534823,0.8655773364084226,0.8655766120404242
37,8,0.8655773364084226,0.865577191534823,0.8655773364084226,0.8655766120404242
37,9,0.8655773364084226,0.865577191534823,0.8655773364084226,0.8655766120404242
37,10,0.8655766120404242,0.865577191534823,0.8655773364084226,0.8655766120404242
38,1,0.8655773364084226,0.8653505723414922,0.8658044909797393,0.8630825411678003
38,2,0.8655773364084226,0.8653505723414922,0.8658044909797393,0.8630825411678003
38,3,0.8655773364084226,0.8653505723414922,0.8658044909797393,0.8630825411678003
38,4,0.8655773364084226,0.8653505723414922,0.8658044909797393,0.8630825411678003
38,5,0.8630825411678003,0.8653505723414922,0.8658044909797393,0.8630825411678003
38,6,0.8655773364084226,0.8653505723414922,0.8658044909797393,0.8630825411678003
38,7,0.8655773364084226,0.8653505723414922,0.8658044909797393,0.8630825411678003
38,8,0.8658044909797393,0.8653505723414922,0.8658044909797393,0.8630825411678003
38,9,0.8655773364084226,0.8653505723414922,0.8658044909797393,0.8630825411678003
38,10,0.8655773364084226,0.8653505723414922,0.8658044909797393,0.8630825411678003
39,1,0.8658044909797393,0.8656393607610559,0.8658044909797393,0.8655170034849133
39,2,0.8658044909797393,0.8656393607610559,0.8658044909797393,0.8655170034849133
39,3,0.8655773364084226,0.8656393607610559,0.8658044909797393,0.8655170034849133
39,4,0.8655170034849133,0.8656393607610559,0.8658044909797393,0.8655170034849133
39,5,0.8655773364084226,0.8656393607610559,0.8658044909797393,0.8655170034849133
39,6,0.8655764491443134,0.8656393607610559,0.8658044909797393,0.8655170034849133
39,7,0.8658044909797393,0.8656393607610559,0.8658044909797393,0.8655170034849133
39,8,0.8655773364084226,0.8656393607610559,0.8658044909797393,0.8655170034849133
39,9,0.8655773364084226,0.8656393607610559,0.8658044909797393,0.8655170034849133
39,10,0.8655773364084226,0.8656393607610559,0.8658044909797393,0.8655170034849133
40,1,0.8658044909797393,0.8657154039172639,0.8658133648099954,0.8655773364084226
40,2,0.8658044909797393,0.8657154039172639,0.8658133648099954,0.8655773364084226
40,3,0.8655773364084226,0.8657154039172639,0.8658133648099954,0.8655773364084226
40,4,0.8658044909797393,0.8657154039172639,0.8658133648099954,0.8655773364084226
40,5,0.8658133648099954,0.8657154039172639,0.8658133648099954,0.8655773364084226
40,6,0.8655773364084226,0.8657154039172639,0.8658133648099954,0.8655773364084226
40,7,0.8655773364084226,0.8657154039172639,0.8658133648099954,0.8655773364084226
40,8,0.8658133648099954,0.8657154039172639,0.8658133648099954,0.8655773364084226
40,9,0.8658044909797393,0.8657154039172639,0.8658133648099954,0.8655773364084226
40,10,0.8655773364084226,0.8657154039172639,0.8658133648099954,0.8655773364084226
41,1,0.8658044909797393,0.8657862181653695,0.8660316753533784,0.8653590831413779
41,2,0.8658133648099954,0.8657862181653695,0.8660316753533784,0.8653590831413779
41,3,0.8658133648099954,0.8657862181653695,0.8660316753533784,0.8653590831413779
41,4,0.8658133648099954,0.8657862181653695,0.8660316753533784,0.8653590831413779
41,5,0.8658044909797393,0.8657862181653695,0.8660316753533784,0.8653590831413779
41,6,0.8658044909797393,0.8657862181653695,0.8660316753533784,0.8653590831413779
41,7,0.8653590831413779,0.8657862181653695,0.8660316753533784,0.8653590831413779
41,8,0.8660316753533784,0.8657862181653695,0.8660316753533784,0.8653590831413779
41,9,0.8658133648099954,0.8657862181653695,0.8660316753533784,0.8653590831413779
41,10,0.8658044909797393,0.8657862181653695,0.8660316753533784,0.8653590831413779
42,1,0.8660316753533784,0.8658779705899848,0.8660316753533784,0.8658044909797393
42,2,0.8658133648099954,0.8658779705899848,0.8660316753533784,0.8658044909797393
42,3,0.8658044909797393,0.8658779705899848,0.8660316753533784,0.8658044909797393
42,4,0.8658133648099954,0.8658779705899848,0.8660316753533784,0.8658044909797393
42,5,0.8660316753533784,0.8658779705899848,0.8660316753533784,0.8658044909797393
42,6,0.8658133648099954,0.8658779705899848,0.8660316753533784,0.8658044909797393
42,7,0.8658133648099954,0.8658779705899848,0.8660316753533784,0.8658044909797393
42,8,0.8660316753533784,0.8658779705899848,0.8660316753533784,0.8658044909797393
42,9,0.8658133648099954,0.8658779705899848,0.8660316753533784,0.8658044909797393
42,10,0.8658133648099954,0.8658779705899848,0.8660316753533784,0.8658044909797393
43,1,0.8658133648099954,0.8659006606032905,0.8660316753533784,0.8658130805694149
43,2,0.8658133648099954,0.8659006606032905,0.8660316753533784,0.8658130805694149
43,3,0.8660316753533784,0.8659006606032905,0.8660316753533784,0.8658130805694149
43,4,0.8660316753533784,0.8659006606032905,0.8660316753533784,0.8658130805694149
43,5,0.8658133648099954,0.8659006606032905,0.8660316753533784,0.8658130805694149
43,6,0.8660316753533784,0.8659006606032905,0.8660316753533784,0.8658130805694149
43,7,0.8658130805694149,0.8659006606032905,0.8660316753533784,0.8658130805694149
43,8,0.8660316753533784,0.8659006606032905,0.8660316753533784,0.8658130805694149
43,9,0.8658133648099954,0.8659006606032905,0.8660316753533784,0.8658130805694149
43,10,0.8658133648099954,0.8659006606032905,0.8660316753533784,0.8658130805694149
44,1,0.8660316753533784,0.8142468292474107,0.8660316753533784,0.6072166000952314
44,2,0.8660316753533784,0.8142468292474107,0.8660316753533784,0.6072166000952314
44,3,0.8660316753533784,0.8142468292474107,0.8660316753533784,0.6072166000952314
44,4,0.8660316753533784,0.8142468292474107,0.8660316753533784,0.6072166000952314
44,5,0.8660316753533784,0.8142468292474107,0.8660316753533784,0.6072166000952314
44,6,0.8660316753533784,0.8142468292474107,0.8660316753533784,0.6072166000952314
44,7,0.6072166000952314,0.8142468292474107,0.8660316753533784,0.6072166000952314
44,8,0.6072166000952314,0.8142468292474107,0.8660316753533784,0.6072166000952314
44,9,0.8660316753533784,0.8142468292474107,0.8660316753533784,0.6072166000952314
44,10,0.8658133648099954,0.8142468292474107,0.8660316753533784,0.6072166000952314
45,1,0.8660316753533784,0.8660316753533783,0.8660316753533784,0.8660316753533784
45,2,0.8660316753533784,0.8660316753533783,0.8660316753533784,0.8660316753533784
45,3,0.8660316753533784,0.8660316753533783,0.8660316753533784,0.8660316753533784
45,4,0.8660316753533784,0.8660316753533783,0.8660316753533784,0.8660316753533784
45,5,0.8660316753533784,0.8660316753533783,0.8660316753533784,0.8660316753533784
45,6,0.8660316753533784,0.8660316753533783,0.8660316753533784,0.8660316753533784
45,7,0.8660316753533784,0.8660316753533783,0.8660316753533784,0.8660316753533784
45,8,0.8660316753533784,0.8660316753533783,0.8660316753533784,0.8660316753533784
45,9,0.8660316753533784,0.8660316753533783,0.8660316753533784,0.8660316753533784
45,10,0.8660316753533784,0.8660316753533783,0.8660316753533784,0.8660316753533784
46,1,0.8660316753533784,0.8660316753533783,0.8660316753533784,0.8660316753533784
46,2,0.8660316753533784,0.8660316753533783,0.8660316753533784,0.8660316753533784
46,3,0.8660316753533784,0.8660316753533783,0.8660316753533784,0.8660316753533784
46,4,0.8660316753533784,0.8660316753533783,0.8660316753533784,0.8660316753533784
46,5,0.8660316753533784,0.8660316753533783,0.8660316753533784,0.8660316753533784
46,6,0.8660316753533784,0.8660316753533783,0.8660316753533784,0.8660316753533784
46,7,0.8660316753533784,0.8660316753533783,0.8660316753533784,0.8660316753533784
46,8,0.8660316753533784,0.8660316753533783,0.8660316753533784,0.8660316753533784
46,9,0.8660316753533784,0.8660316753533783,0.8660316753533784,0.8660316753533784
46,10,0.8660316753533784,0.8660316753533783,0.8660316753533784,0.8660316753533784
47,1,0.8660316753533784,0.8661056090881365,0.8676228004338811,0.8651798876204567
47,2,0.8651798876204567,0.8661056090881365,0.8676228004338811,0.8651798876204567
47,3,0.8676228004338811,0.8661056090881365,0.8676228004338811,0.8651798876204567
47,4,0.8660316753533784,0.8661056090881365,0.8676228004338811,0.8651798876204567
47,5,0.8660316753533784,0.8661056090881365,0.8676228004338811,0.8651798876204567
47,6,0.8660316753533784,0.8661056090881365,0.8676228004338811,0.8651798876204567
47,7,0.8660316753533784,0.8661056090881365,0.8676228004338811,0.8651798876204567
47,8,0.8660316753533784,0.8661056090881365,0.8676228004338811,0.8651798876204567
47,9,0.8660316753533784,0.8661056090881365,0.8676228004338811,0.8651798876204567
47,10,0.8660316753533784,0.8661056090881365,0.8676228004338811,0.8651798876204567
48,1,0.8660316753533784,0.8663499003694788,0.8676228004338811,0.8660316753533784
48,2,0.8660316753533784,0.8663499003694788,0.8676228004338811,0.8660316753533784
48,3,0.8660316753533784,0.8663499003694788,0.8676228004338811,0.8660316753533784
48,4,0.8660316753533784,0.8663499003694788,0.8676228004338811,0.8660316753533784
48,5,0.8660316753533784,0.8663499003694788,0.8676228004338811,0.8660316753533784
48,6,0.8676228004338811,0.8663499003694788,0.8676228004338811,0.8660316753533784
48,7,0.8660316753533784,0.8663499003694788,0.8676228004338811,0.8660316753533784
48,8,0.8660316753533784,0.8663499003694788,0.8676228004338811,0.8660316753533784
48,9,0.8660316753533784,0.8663499003694788,0.8676228004338811,0.8660316753533784
48,10,0.8676228004338811,0.8663499003694788,0.8676228004338811,0.8660316753533784
49,1,0.8676228004338811,0.8673045754177805,0.8676228004338811,0.8660316753533784
49,2,0.8676228004338811,0.8673045754177805,0.8676228004338811,0.8660316753533784
49,3,0.8676228004338811,0.8673045754177805,0.8676228004338811,0.8660316753533784
49,4,0.8676228004338811,0.8673045754177805,0.8676228004338811,0.8660316753533784
49,5,0.8676228004338811,0.8673045754177805,0.8676228004338811,0.8660316753533784
49,6,0.8660316753533784,0.8673045754177805,0.8676228004338811,0.8660316753533784
49,7,0.8676228004338811,0.8673045754177805,0.8676228004338811,0.8660316753533784
49,8,0.8676228004338811,0.8673045754177805,0.8676228004338811,0.8660316753533784
49,9,0.8660316753533784,0.8673045754177805,0.8676228004338811,0.8660316753533784
49,10,0.8676228004338811,0.8673045754177805,0.8676228004338811,0.8660316753533784
50,1,0.8676228004338811,0.8676228004338811,0.8676228004338811,0.8676228004338811
50,2,0.8676228004338811,0.8676228004338811,0.8676228004338811,0.8676228004338811
50,3,0.8676228004338811,0.8676228004338811,0.8676228004338811,0.8676228004338811
50,4,0.8676228004338811,0.8676228004338811,0.8676228004338811,0.8676228004338811
50,5,0.8676228004338811,0.8676228004338811,0.8676228004338811,0.8676228004338811
50,6,0.8676228004338811,0.8676228004338811,0.8676228004338811,0.8676228004338811
50,7,0.8676228004338811,0.8676228004338811,0.8676228004338811,0.8676228004338811
50,8,0.8676228004338811,0.8676228004338811,0.8676228004338811,0.8676228004338811
50,9,0.8676228004338811,0.8676228004338811,0.8676228004338811,0.8676228004338811
50,10,0.8676228004338811,0.8676228004338811,0.8676228004338811,0.8676228004338811
51,1,0.8676228004338811,0.8676228004338811,0.8676228004338811,0.8676228004338811
51,2,0.8676228004338811,0.8676228004338811,0.8676228004338811,0.8676228004338811
51,3,0.8676228004338811,0.8676228004338811,0.8676228004338811,0.8676228004338811
51,4,0.8676228004338811,0.8676228004338811,0.8676228004338811,0.8676228004338811
51,5,0.8676228004338811,0.8676228004338811,0.8676228004338811,0.8676228004338811
51,6,0.8676228004338811,0.8676228004338811,0.8676228004338811,0.8676228004338811
51,7,0.8676228004338811,0.8676228004338811,0.8676228004338811,0.8676228004338811
51,8,0.8676228004338811,0.8676228004338811,0.8676228004338811,0.8676228004338811
51,9,0.8676228004338811,0.8676228004338811,0.8676228004338811,0.8676228004338811
51,10,0.8676228004338811,0.8676228004338811,0.8676228004338811,0.8676228004338811
52,1,0.8676228004338811,0.8676228004338811,0.8676228004338811,0.8676228004338811
52,2,0.8676228004338811,0.8676228004338811,0.8676228004338811,0.8676228004338811
52,3,0.8676228004338811,0.8676228004338811,0.8676228004338811,0.8676228004338811
52,4,0.8676228004338811,0.8676228004338811,0.8676228004338811,0.8676228004338811
52,5,0.8676228004338811,0.8676228004338811,0.8676228004338811,0.8676228004338811
52,6,0.8676228004338811,0.8676228004338811,0.8676228004338811,0.8676228004338811
52,7,0.8676228004338811,0.8676228004338811,0.8676228004338811,0.8676228004338811
52,8,0.8676228004338811,0.8676228004338811,0.8676228004338811,0.8676228004338811
52,9,0.8676228004338811,0.8676228004338811,0.8676228004338811,0.8676228004338811
52,10,0.8676228004338811,0.8676228004338811,0.8676228004338811,0.8676228004338811
53,1,0.8676228004338811,0.8676228004338811,0.8676228004338811,0.8676228004338811
53,2,0.8676228004338811,0.8676228004338811,0.8676228004338811,0.8676228004338811
53,3,0.8676228004338811,0.8676228004338811,0.8676228004338811,0.8676228004338811
53,4,0.8676228004338811,0.8676228004338811,0.8676228004338811,0.8676228004338811
53,5,0.8676228004338811,0.8676228004338811,0.8676228004338811,0.8676228004338811
53,6,0.8676228004338811,0.8676228004338811,0.8676228004338811,0.8676228004338811
53,7,0.8676228004338811,0.8676228004338811,0.8676228004338811,0.8676228004338811
53,8,0.8676228004338811,0.8676228004338811,0.8676228004338811,0.8676228004338811
53,9,0.8676228004338811,0.8676228004338811,0.8676228004338811,0.8676228004338811
53,10,0.8676228004338811,0.8676228004338811,0.8676228004338811,0.8676228004338811
54,1,0.8676228004338811,0.8676228004338811,0.8676228004338811,0.8676228004338811
54,2,0.8676228004338811,0.8676228004338811,0.8676228004338811,0.8676228004338811
54,3,0.8676228004338811,0.8676228004338811,0.8676228004338811,0.8676228004338811
54,4,0.8676228004338811,0.8676228004338811,0.8676228004338811,0.8676228004338811
54,5,0.8676228004338811,0.8676228004338811,0.8676228004338811,0.8676228004338811
54,6,0.8676228004338811,0.8676228004338811,0.8676228004338811,0.8676228004338811
54,7,0.8676228004338811,0.8676228004338811,0.8676228004338811,0.8676228004338811
54,8,0.8676228004338811,0.8676228004338811,0.8676228004338811,0.8676228004338811
54,9,0.8676228004338811,0.8676228004338811,0.8676228004338811,0.8676228004338811
54,10,0.8676228004338811,0.8676228004338811,0.8676228004338811,0.8676228004338811
55,1,0.8676228004338811,0.8676228004338811,0.8676228004338811,0.8676228004338811
55,2,0.8676228004338811,0.8676228004338811,0.8676228004338811,0.8676228004338811
55,3,0.8676228004338811,0.8676228004338811,0.8676228004338811,0.8676228004338811
55,4,0.8676228004338811,0.8676228004338811,0.8676228004338811,0.8676228004338811
55,5,0.8676228004338811,0.8676228004338811,0.8676228004338811,0.8676228004338811
55,6,0.8676228004338811,0.8676228004338811,0.8676228004338811,0.8676228004338811
55,7,0.8676228004338811,0.8676228004338811,0.8676228004338811,0.8676228004338811
55,8,0.8676228004338811,0.8676228004338811,0.8676228004338811,0.8676228004338811
55,9,0.8676228004338811,0.8676228004338811,0.8676228004338811,0.8676228004338811
55,10,0.8676228004338811,0.8676228004338811,0.8676228004338811,0.8676228004338811
56,1,0.8676228004338811,0.8676228004338811,0.8676228004338811,0.8676228004338811
56,2,0.8676228004338811,0.8676228004338811,0.8676228004338811,0.8676228004338811
56,3,0.8676228004338811,0.8676228004338811,0.8676228004338811,0.8676228004338811
56,4,0.8676228004338811,0.8676228004338811,0.8676228004338811,0.8676228004338811
56,5,0.8676228004338811,0.8676228004338811,0.8676228004338811,0.8676228004338811
56,6,0.8676228004338811,0.8676228004338811,0.8676228004338811,0.8676228004338811
56,7,0.8676228004338811,0.8676228004338811,0.8676228004338811,0.8676228004338811
56,8,0.8676228004338811,0.8676228004338811,0.8676228004338811,0.8676228004338811
56,9,0.8676228004338811,0.8676228004338811,0.8676228004338811,0.8676228004338811
56,10,0.8676228004338811,0.8676228004338811,0.8676228004338811,0.8676228004338811
57,1,0.8676228004338811,0.8676228004338811,0.8676228004338811,0.8676228004338811
57,2,0.8676228004338811,0.8676228004338811,0.8676228004338811,0.8676228004338811
57,3,0.8676228004338811,0.8676228004338811,0.8676228004338811,0.8676228004338811
57,4,0.8676228004338811,0.8676228004338811,0.8676228004338811,0.8676228004338811
57,5,0.8676228004338811,0.8676228004338811,0.8676228004338811,0.8676228004338811
57,6,0.8676228004338811,0.8676228004338811,0.8676228004338811,0.8676228004338811
57,7,0.8676228004338811,0.8676228004338811,0.8676228004338811,0.8676228004338811
57,8,0.8676228004338811,0.8676228004338811,0.8676228004338811,0.8676228004338811
57,9,0.8676228004338811,0.8676228004338811,0.8676228004338811,0.8676228004338811
57,10,0.8676228004338811,0.8676228004338811,0.8676228004338811,0.8676228004338811
58,1,0.8676228004338811,0.8676228004338811,0.8676228004338811,0.8676228004338811
58,2,0.8676228004338811,0.8676228004338811,0.8676228004338811,0.8676228004338811
58,3,0.8676228004338811,0.8676228004338811,0.8676228004338811,0.8676228004338811
58,4,0.8676228004338811,0.8676228004338811,0.8676228004338811,0.8676228004338811
58,5,0.8676228004338811,0.8676228004338811,0.8676228004338811,0.8676228004338811
58,6,0.8676228004338811,0.8676228004338811,0.8676228004338811,0.8676228004338811
58,7,0.8676228004338811,0.8676228004338811,0.8676228004338811,0.8676228004338811
58,8,0.8676228004338811,0.8676228004338811,0.8676228004338811,0.8676228004338811
58,9,0.8676228004338811,0.8676228004338811,0.8676228004338811,0.8676228004338811
58,10,0.8676228004338811,0.8676228004338811,0.8676228004338811,0.8676228004338811
59,1,0.8676228004338811,0.8676142728475138,0.8676228004338811,0.8675375245702103
59,2,0.8676228004338811,0.8676142728475138,0.8676228004338811,0.8675375245702103
59,3,0.8676228004338811,0.8676142728475138,0.8676228004338811,0.8675375245702103
59,4,0.8676228004338811,0.8676142728475138,0.8676228004338811,0.8675375245702103
59,5,0.8676228004338811,0.8676142728475138,0.8676228004338811,0.8675375245702103
59,6,0.8676228004338811,0.8676142728475138,0.8676228004338811,0.8675375245702103
59,7,0.8676228004338811,0.8676142728475138,0.8676228004338811,0.8675375245702103
59,8,0.8676228004338811,0.8676142728475138,0.8676228004338811,0.8675375245702103
59,9,0.8676228004338811,0.8676142728475138,0.8676228004338811,0.8675375245702103
59,10,0.8675375245702103,0.8676142728475138,0.8676228004338811,0.8675375245702103
60,1,0.8676228004338811,0.8676228004338811,0.8676228004338811,0.8676228004338811
60,2,0.8676228004338811,0.8676228004338811,0.8676228004338811,0.8676228004338811
60,3,0.8676228004338811,0.8676228004338811,0.8676228004338811,0.8676228004338811
60,4,0.8676228004338811,0.8676228004338811,0.8676228004338811,0.8676228004338811
60,5,0.8676228004338811,0.8676228004338811,0.8676228004338811,0.8676228004338811
60,6,0.8676228004338811,0.8676228004338811,0.8676228004338811,0.8676228004338811
60,7,0.8676228004338811,0.8676228004338811,0.8676228004338811,0.8676228004338811
60,8,0.8676228004338811,0.8676228004338811,0.8676228004338811,0.8676228004338811
60,9,0.8676228004338811,0.8676228004338811,0.8676228004338811,0.8676228004338811
60,10,0.8676228004338811,0.8676228004338811,0.8676228004338811,0.8676228004338811
61,1,0.8676228004338811,0.8676228004338811,0.8676228004338811,0.8676228004338811
61,2,0.8676228004338811,0.8676228004338811,0.8676228004338811,0.8676228004338811
61,3,0.8676228004338811,0.8676228004338811,0.8676228004338811,0.8676228004338811
61,4,0.8676228004338811,0.8676228004338811,0.8676228004338811,0.8676228004338811
61,5,0.8676228004338811,0.8676228004338811,0.8676228004338811,0.8676228004338811
61,6,0.8676228004338811,0.8676228004338811,0.8676228004338811,0.8676228004338811
61,7,0.8676228004338811,0.8676228004338811,0.8676228004338811,0.8676228004338811
61,8,0.8676228004338811,0.8676228004338811,0.8676228004338811,0.8676228004338811
61,9,0.8676228004338811,0.8676228004338811,0.8676228004338811,0.8676228004338811
61,10,0.8676228004338811,0.8676228004338811,0.8676228004338811,0.8676228004338811
62,1,0.8676228004338811,0.8676228004338811,0.8676228004338811,0.8676228004338811
62,2,0.8676228004338811,0.8676228004338811,0.8676228004338811,0.8676228004338811
62,3,0.8676228004338811,0.8676228004338811,0.8676228004338811,0.8676228004338811
62,4,0.8676228004338811,0.8676228004338811,0.8676228004338811,0.8676228004338811
62,5,0.8676228004338811,0.8676228004338811,0.8676228004338811,0.8676228004338811
62,6,0.8676228004338811,0.8676228004338811,0.8676228004338811,0.8676228004338811
62,7,0.8676228004338811,0.8676228004338811,0.8676228004338811,0.8676228004338811
62,8,0.8676228004338811,0.8676228004338811,0.8676228004338811,0.8676228004338811
62,9,0.8676228004338811,0.8676228004338811,0.8676228004338811,0.8676228004338811
62,10,0.8676228004338811,0.8676228004338811,0.8676228004338811,0.8676228004338811
63,1,0.8676228004338811,0.8676228670572993,0.8676234666680648,0.8676228004338811
63,2,0.8676234666680648,0.8676228670572993,0.8676234666680648,0.8676228004338811
63,3,0.8676228004338811,0.8676228670572993,0.8676234666680648,0.8676228004338811
63,4,0.8676228004338811,0.8676228670572993,0.8676234666680648,0.8676228004338811
63,5,0.8676228004338811,0.8676228670572993,0.8676234666680648,0.8676228004338811
63,6,0.8676228004338811,0.8676228670572993,0.8676234666680648,0.8676228004338811
63,7,0.8676228004338811,0.8676228670572993,0.8676234666680648,0.8676228004338811
63,8,0.8676228004338811,0.8676228670572993,0.8676234666680648,0.8676228004338811
63,9,0.8676228004338811,0.8676228670572993,0.8676234666680648,0.8676228004338811
63,10,0.8676228004338811,0.8676228670572993,0.8676234666680648,0.8676228004338811
64,1,0.6694058988781288,0.847603214479095,0.8676234666680648,0.6694058988781288
64,2,0.8676228004338811,0.847603214479095,0.8676234666680648,0.6694058988781288
64,3,0.8676228004338811,0.847603214479095,0.8676234666680648,0.6694058988781288
64,4,0.8676228004338811,0.847603214479095,0.8676234666680648,0.6694058988781288
64,5,0.8656425099734059,0.847603214479095,0.8676234666680648,0.6694058988781288
64,6,0.8676228004338811,0.847603214479095,0.8676234666680648,0.6694058988781288
64,7,0.8676234666680648,0.847603214479095,0.8676234666680648,0.6694058988781288
64,8,0.8676228004338811,0.847603214479095,0.8676234666680648,0.6694058988781288
64,9,0.8676228004338811,0.847603214479095,0.8676234666680648,0.6694058988781288
64,10,0.8676234666680648,0.847603214479095,0.8676234666680648,0.6694058988781288
65,1,0.8676228004338811,0.8676230669275545,0.8676234666680648,0.8676228004338811
65,2,0.8676234666680648,0.8676230669275545,0.8676234666680648,0.8676228004338811
65,3,0.8676228004338811,0.8676230669275545,0.8676234666680648,0.8676228004338811
65,4,0.8676228004338811,0.8676230669275545,0.8676234666680648,0.8676228004338811
65,5,0.8676234666680648,0.8676230669275545,0.8676234666680648,0.8676228004338811
65,6,0.8676234666680648,0.8676230669275545,0.8676234666680648,0.8676228004338811
65,7,0.8676228004338811,0.8676230669275545,0.8676234666680648,0.8676228004338811
65,8,0.8676228004338811,0.8676230669275545,0.8676234666680648,0.8676228004338811
65,9,0.8676228004338811,0.8676230669275545,0.8676234666680648,0.8676228004338811
65,10,0.8676234666680648,0.8676230669275545,0.8676234666680648,0.8676228004338811
66,1,0.8682844969647147,0.867821642510223,0.8682844969647147,0.8676228004338811
66,2,0.8676234666680648,0.867821642510223,0.8682844969647147,0.8676228004338811
66,3,0.8676234666680648,0.867821642510223,0.8682844969647147,0.8676228004338811
66,4,0.8676234666680648,0.867821642510223,0.8682844969647147,0.8676228004338811
66,5,0.8682844969647147,0.867821642510223,0.8682844969647147,0.8676228004338811
66,6,0.8676228004338811,0.867821642510223,0.8682844969647147,0.8676228004338811
66,7,0.8676234666680648,0.867821642510223,0.8682844969647147,0.8676228004338811
66,8,0.8676228004338811,0.867821642510223,0.8682844969647147,0.8676228004338811
66,9,0.8676234666680648,0.867821642510223,0.8682844969647147,0.8676228004338811
66,10,0.8682844969647147,0.867821642510223,0.8682844969647147,0.8676228004338811
67,1,0.8682844969647147,0.8682183939350496,0.8682844969647147,0.8676234666680648
67,2,0.8682844969647147,0.8682183939350496,0.8682844969647147,0.8676234666680648
67,3,0.8682844969647147,0.8682183939350496,0.8682844969647147,0.8676234666680648
67,4,0.8682844969647147,0.8682183939350496,0.8682844969647147,0.8676234666680648
67,5,0.8682844969647147,0.8682183939350496,0.8682844969647147,0.8676234666680648
67,6,0.8682844969647147,0.8682183939350496,0.8682844969647147,0.8676234666680648
67,7,0.8682844969647147,0.8682183939350496,0.8682844969647147,0.8676234666680648
67,8,0.8676234666680648,0.8682183939350496,0.8682844969647147,0.8676234666680648
67,9,0.8682844969647147,0.8682183939350496,0.8682844969647147,0.8676234666680648
67,10,0.8682844969647147,0.8682183939350496,0.8682844969647147,0.8676234666680648
68,1,0.8682844969647147,0.8682844969647145,0.8682844969647147,0.8682844969647147
68,2,0.8682844969647147,0.8682844969647145,0.8682844969647147,0.8682844969647147
68,3,0.8682844969647147,0.8682844969647145,0.8682844969647147,0.8682844969647147
68,4,0.8682844969647147,0.8682844969647145,0.8682844969647147,0.8682844969647147
68,5,0.8682844969647147,0.8682844969647145,0.8682844969647147,0.8682844969647147
68,6,0.8682844969647147,0.8682844969647145,0.8682844969647147,0.8682844969647147
68,7,0.8682844969647147,0.8682844969647145,0.8682844969647147,0.8682844969647147
68,8,0.8682844969647147,0.8682844969647145,0.8682844969647147,0.8682844969647147
68,9,0.8682844969647147,0.8682844969647145,0.8682844969647147,0.8682844969647147
68,10,0.8682844969647147,0.8682844969647145,0.8682844969647147,0.8682844969647147
69,1,0.8682844969647147,0.8682844969647145,0.8682844969647147,0.8682844969647147
69,2,0.8682844969647147,0.8682844969647145,0.8682844969647147,0.8682844969647147
69,3,0.8682844969647147,0.8682844969647145,0.8682844969647147,0.8682844969647147
69,4,0.8682844969647147,0.8682844969647145,0.8682844969647147,0.8682844969647147
69,5,0.8682844969647147,0.8682844969647145,0.8682844969647147,0.8682844969647147
69,6,0.8682844969647147,0.8682844969647145,0.8682844969647147,0.8682844969647147
69,7,0.8682844969647147,0.8682844969647145,0.8682844969647147,0.8682844969647147
69,8,0.8682844969647147,0.8682844969647145,0.8682844969647147,0.8682844969647147
69,9,0.8682844969647147,0.8682844969647145,0.8682844969647147,0.8682844969647147
69,10,0.8682844969647147,0.8682844969647145,0.8682844969647147,0.8682844969647147
70,1,0.8682844969647147,0.8682844969647145,0.8682844969647147,0.8682844969647147
70,2,0.8682844969647147,0.8682844969647145,0.8682844969647147,0.8682844969647147
70,3,0.8682844969647147,0.8682844969647145,0.8682844969647147,0.8682844969647147
70,4,0.8682844969647147,0.8682844969647145,0.8682844969647147,0.8682844969647147
70,5,0.8682844969647147,0.8682844969647145,0.8682844969647147,0.8682844969647147
70,6,0.8682844969647147,0.8682844969647145,0.8682844969647147,0.8682844969647147
70,7,0.8682844969647147,0.8682844969647145,0.8682844969647147,0.8682844969647147
70,8,0.8682844969647147,0.8682844969647145,0.8682844969647147,0.8682844969647147
70,9,0.8682844969647147,0.8682844969647145,0.8682844969647147,0.8682844969647147
70,10,0.8682844969647147,0.8682844969647145,0.8682844969647147,0.8682844969647147
71,1,0.8682844969647147,0.8682840304236988,0.8682844969647147,0.8682798315545571
71,2,0.8682844969647147,0.8682840304236988,0.8682844969647147,0.8682798315545571
71,3,0.8682844969647147,0.8682840304236988,0.8682844969647147,0.8682798315545571
71,4,0.8682844969647147,0.8682840304236988,0.8682844969647147,0.8682798315545571
71,5,0.8682844969647147,0.8682840304236988,0.8682844969647147,0.8682798315545571
71,6,0.8682844969647147,0.8682840304236988,0.8682844969647147,0.8682798315545571
71,7,0.8682844969647147,0.8682840304236988,0.8682844969647147,0.8682798315545571
71,8,0.8682844969647147,0.8682840304236988,0.8682844969647147,0.8682798315545571
71,9,0.8682798315545571,0.8682840304236988,0.8682844969647147,0.8682798315545571
71,10,0.8682844969647147,0.8682840304236988,0.8682844969647147,0.8682798315545571
72,1,0.8682844969647147,0.8682844969647145,0.8682844969647147,0.8682844969647147
72,2,0.8682844969647147,0.8682844969647145,0.8682844969647147,0.8682844969647147
72,3,0.8682844969647147,0.8682844969647145,0.8682844969647147,0.8682844969647147
72,4,0.8682844969647147,0.8682844969647145,0.8682844969647147,0.8682844969647147
72,5,0.8682844969647147,0.8682844969647145,0.8682844969647147,0.8682844969647147
72,6,0.8682844969647147,0.8682844969647145,0.8682844969647147,0.8682844969647147
72,7,0.8682844969647147,0.8682844969647145,0.8682844969647147,0.8682844969647147
72,8,0.8682844969647147,0.8682844969647145,0.8682844969647147,0.8682844969647147
72,9,0.8682844969647147,0.8682844969647145,0.8682844969647147,0.8682844969647147
72,10,0.8682844969647147,0.8682844969647145,0.8682844969647147,0.8682844969647147
73,1,0.8682844969647147,0.8682844969647145,0.8682844969647147,0.8682844969647147
73,2,0.8682844969647147,0.8682844969647145,0.8682844969647147,0.8682844969647147
73,3,0.8682844969647147,0.8682844969647145,0.8682844969647147,0.8682844969647147
73,4,0.8682844969647147,0.8682844969647145,0.8682844969647147,0.8682844969647147
73,5,0.8682844969647147,0.8682844969647145,0.8682844969647147,0.8682844969647147
73,6,0.8682844969647147,0.8682844969647145,0.8682844969647147,0.8682844969647147
73,7,0.8682844969647147,0.8682844969647145,0.8682844969647147,0.8682844969647147
73,8,0.8682844969647147,0.8682844969647145,0.8682844969647147,0.8682844969647147
73,9,0.8682844969647147,0.8682844969647145,0.8682844969647147,0.8682844969647147
73,10,0.8682844969647147,0.8682844969647145,0.8682844969647147,0.8682844969647147
74,1,0.8682844969647147,0.8682844997417483,0.8682845247350507,0.8682844969647147
74,2,0.8682844969647147,0.8682844997417483,0.8682845247350507,0.8682844969647147
74,3,0.8682844969647147,0.8682844997417483,0.8682845247350507,0.8682844969647147
74,4,0.8682844969647147,0.8682844997417483,0.8682845247350507,0.8682844969647147
74,5,0.8682844969647147,0.8682844997417483,0.8682845247350507,0.8682844969647147
74,6,0.8682845247350507,0.8682844997417483,0.8682845247350507,0.8682844969647147
74,7,0.8682844969647147,0.8682844997417483,0.8682845247350507,0.8682844969647147
74,8,0.8682844969647147,0.8682844997417483,0.8682845247350507,0.8682844969647147
74,9,0.8682844969647147,0.8682844997417483,0.8682845247350507,0.8682844969647147
74,10,0.8682844969647147,0.8682844997417483,0.8682845247350507,0.8682844969647147
75,1,0.8682844969647147,0.8688806906931935,0.8742463509384958,0.8682844969647147
75,2,0.8682844969647147,0.8688806906931935,0.8742463509384958,0.8682844969647147
75,3,0.8682845247350507,0.8688806906931935,0.8742463509384958,0.8682844969647147
75,4,0.8682845247350507,0.8688806906931935,0.8742463509384958,0.8682844969647147
75,5,0.8682844969647147,0.8688806906931935,0.8742463509384958,0.8682844969647147
75,6,0.8682844969647147,0.8688806906931935,0.8742463509384958,0.8682844969647147
75,7,0.8682845247350507,0.8688806906931935,0.8742463509384958,0.8682844969647147
75,8,0.8742463509384958,0.8688806906931935,0.8742463509384958,0.8682844969647147
75,9,0.8682844969647147,0.8688806906931935,0.8742463509384958,0.8682844969647147
75,10,0.8682844969647147,0.8688806906931935,0.8742463509384958,0.8682844969647147
76,1,0.8682845247350507,0.8700730547090074,0.8742469082488193,0.8682839693284133
76,2,0.8682845247350507,0.8700730547090074,0.8742469082488193,0.8682839693284133
76,3,0.8682845247350507,0.8700730547090074,0.8742469082488193,0.8682839693284133
76,4,0.8682844969647147,0.8700730547090074,0.8742469082488193,0.8682839693284133
76,5,0.8682844969647147,0.8700730547090074,0.8742469082488193,0.8682839693284133
76,6,0.8742463509384958,0.8700730547090074,0.8742469082488193,0.8682839693284133
76,7,0.8683212930495566,0.8700730547090074,0.8742469082488193,0.8682839693284133
76,8,0.8742094573902072,0.8700730547090074,0.8742469082488193,0.8682839693284133
76,9,0.8742469082488193,0.8700730547090074,0.8742469082488193,0.8682839693284133
76,10,0.8682839693284133,0.8700730547090074,0.8742469082488193,0.8682839693284133
77,1,0.8742469082488193,0.873046774181246,0.8742469082488193,0.8682845247350507
77,2,0.8742094573902072,0.873046774181246,0.8742469082488193,0.8682845247350507
77,3,0.8742094573902072,0.873046774181246,0.8742469082488193,0.8682845247350507
77,4,0.8682845247350507,0.873046774181246,0.8742469082488193,0.8682845247350507
77,5,0.8742469082488193,0.873046774181246,0.8742469082488193,0.8682845247350507
77,6,0.8742463509384958,0.873046774181246,0.8742469082488193,0.8682845247350507
77,7,0.8742463509384958,0.873046774181246,0.8742469082488193,0.8682845247350507
77,8,0.8742463509384958,0.873046774181246,0.8742469082488193,0.8682845247350507
77,9,0.8742469082488193,0.873046774181246,0.8742469082488193,0.8682845247350507
77,10,0.8682845247350507,0.873046774181246,0.8742469082488193,0.8682845247350507
78,1,0.8742469082488193,0.8715304316470934,0.8742469082488193,0.8470838141625312
78,2,0.8742469082488193,0.8715304316470934,0.8742469082488193,0.8470838141625312
78,3,0.8742469082488193,0.8715304316470934,0.8742469082488193,0.8470838141625312
78,4,0.8742469082488193,0.8715304316470934,0.8742469082488193,0.8470838141625312
78,5,0.8742463509384958,0.8715304316470934,0.8742469082488193,0.8470838141625312
78,6,0.8742469082488193,0.8715304316470934,0.8742469082488193,0.8470838141625312
78,7,0.8742463509384958,0.8715304316470934,0.8742469082488193,0.8470838141625312
78,8,0.8742469082488193,0.8715304316470934,0.8742469082488193,0.8470838141625312
78,9,0.8742463509384958,0.8715304316470934,0.8742469082488193,0.8470838141625312
78,10,0.8470838141625312,0.8715304316470934,0.8742469082488193,0.8470838141625312
79,1,0.8742469082488193,0.8629498867940659,0.8742469082488193,0.7612766937012854
79,2,0.8742469082488193,0.8629498867940659,0.8742469082488193,0.7612766937012854
79,3,0.8742469082488193,0.8629498867940659,0.8742469082488193,0.7612766937012854
79,4,0.8742469082488193,0.8629498867940659,0.8742469082488193,0.7612766937012854
79,5,0.8742469082488193,0.8629498867940659,0.8742469082488193,0.7612766937012854
79,6,0.8742469082488193,0.8629498867940659,0.8742469082488193,0.7612766937012854
79,7,0.8742469082488193,0.8629498867940659,0.8742469082488193,0.7612766937012854
79,8,0.7612766937012854,0.8629498867940659,0.8742469082488193,0.7612766937012854
79,9,0.8742469082488193,0.8629498867940659,0.8742469082488193,0.7612766937012854
79,10,0.8742469082488193,0.8629498867940659,0.8742469082488193,0.7612766937012854
80,1,0.8742469082488193,0.8742469082488193,0.8742469082488193,0.8742469082488193
80,2,0.8742469082488193,0.8742469082488193,0.8742469082488193,0.8742469082488193
80,3,0.8742469082488193,0.8742469082488193,0.8742469082488193,0.8742469082488193
80,4,0.8742469082488193,0.8742469082488193,0.8742469082488193,0.8742469082488193
80,5,0.8742469082488193,0.8742469082488193,0.8742469082488193,0.8742469082488193
80,6,0.8742469082488193,0.8742469082488193,0.8742469082488193,0.8742469082488193
80,7,0.8742469082488193,0.8742469082488193,0.8742469082488193,0.8742469082488193
80,8,0.8742469082488193,0.8742469082488193,0.8742469082488193,0.8742469082488193
80,9,0.8742469082488193,0.8742469082488193,0.8742469082488193,0.8742469082488193
80,10,0.8742469082488193,0.8742469082488193,0.8742469082488193,0.8742469082488193
81,1,0.8742469082488193,0.8742469082488193,0.8742469082488193,0.8742469082488193
81,2,0.8742469082488193,0.8742469082488193,0.8742469082488193,0.8742469082488193
81,3,0.8742469082488193,0.8742469082488193,0.8742469082488193,0.8742469082488193
81,4,0.8742469082488193,0.8742469082488193,0.8742469082488193,0.8742469082488193
81,5,0.8742469082488193,0.8742469082488193,0.8742469082488193,0.8742469082488193
81,6,0.8742469082488193,0.8742469082488193,0.8742469082488193,0.8742469082488193
81,7,0.8742469082488193,0.8742469082488193,0.8742469082488193,0.8742469082488193
81,8,0.8742469082488193,0.8742469082488193,0.8742469082488193,0.8742469082488193
81,9,0.8742469082488193,0.8742469082488193,0.8742469082488193,0.8742469082488193
81,10,0.8742469082488193,0.8742469082488193,0.8742469082488193,0.8742469082488193
82,1,0.8742469082488193,0.8742469082488193,0.8742469082488193,0.8742469082488193
82,2,0.8742469082488193,0.8742469082488193,0.8742469082488193,0.8742469082488193
82,3,0.8742469082488193,0.8742469082488193,0.8742469082488193,0.8742469082488193
82,4,0.8742469082488193,0.8742469082488193,0.8742469082488193,0.8742469082488193
82,5,0.8742469082488193,0.8742469082488193,0.8742469082488193,0.8742469082488193
82,6,0.8742469082488193,0.8742469082488193,0.8742469082488193,0.8742469082488193
82,7,0.8742469082488193,0.8742469082488193,0.8742469082488193,0.8742469082488193
82,8,0.8742469082488193,0.8742469082488193,0.8742469082488193,0.8742469082488193
82,9,0.8742469082488193,0.8742469082488193,0.8742469082488193,0.8742469082488193
82,10,0.8742469082488193,0.8742469082488193,0.8742469082488193,0.8742469082488193
83,1,0.8738474737801667,0.8742069648019541,0.8742469082488193,0.8738474737801667
83,2,0.8742469082488193,0.8742069648019541,0.8742469082488193,0.8738474737801667
83,3,0.8742469082488193,0.8742069648019541,0.8742469082488193,0.8738474737801667
83,4,0.8742469082488193,0.8742069648019541,0.8742469082488193,0.8738474737801667
83,5,0.8742469082488193,0.8742069648019541,0.8742469082488193,0.8738474737801667
83,6,0.8742469082488193,0.8742069648019541,0.8742469082488193,0.8738474737801667
83,7,0.8742469082488193,0.8742069648019541,0.8742469082488193,0.8738474737801667
83,8,0.8742469082488193,0.8742069648019541,0.8742469082488193,0.8738474737801667
83,9,0.8742469082488193,0.8742069648019541,0.8742469082488193,0.8738474737801667
83,10,0.8742469082488193,0.8742069648019541,0.8742469082488193,0.8738474737801667
84,1,0.8742469082488193,0.8685063578040533,0.874247911407849,0.8168404006421279
84,2,0.8742469082488193,0.8685063578040533,0.874247911407849,0.8168404006421279
84,3,0.8742469082488193,0.8685063578040533,0.874247911407849,0.8168404006421279
84,4,0.8168404006421279,0.8685063578040533,0.874247911407849,0.8168404006421279
84,5,0.8742469082488193,0.8685063578040533,0.874247911407849,0.8168404006421279
84,6,0.8742469082488193,0.8685063578040533,0.874247911407849,0.8168404006421279
84,7,0.874247911407849,0.8685063578040533,0.874247911407849,0.8168404006421279
84,8,0.8742469082488193,0.8685063578040533,0.874247911407849,0.8168404006421279
84,9,0.8742469082488193,0.8685063578040533,0.874247911407849,0.8168404006421279
84,10,0.8742469082488193,0.8685063578040533,0.874247911407849,0.8168404006421279
85,1,0.8742469082488193,0.8742475101442372,0.874247911407849,0.8742469082488193
85,2,0.874247911407849,0.8742475101442372,0.874247911407849,0.8742469082488193
85,3,0.874247911407849,0.8742475101442372,0.874247911407849,0.8742469082488193
85,4,0.874247911407849,0.8742475101442372,0.874247911407849,0.8742469082488193
85,5,0.874247911407849,0.8742475101442372,0.874247911407849,0.8742469082488193
85,6,0.874247911407849,0.8742475101442372,0.874247911407849,0.8742469082488193
85,7,0.874247911407849,0.8742475101442372,0.874247911407849,0.8742469082488193
85,8,0.8742469082488193,0.8742475101442372,0.874247911407849,0.8742469082488193
85,9,0.8742469082488193,0.8742475101442372,0.874247911407849,0.8742469082488193
85,10,0.8742469082488193,0.8742475101442372,0.874247911407849,0.8742469082488193
86,1,0.874247911407849,0.874247911407849,0.874247911407849,0.874247911407849
86,2,0.874247911407849,0.874247911407849,0.874247911407849,0.874247911407849
86,3,0.874247911407849,0.874247911407849,0.874247911407849,0.874247911407849
86,4,0.874247911407849,0.874247911407849,0.874247911407849,0.874247911407849
86,5,0.874247911407849,0.874247911407849,0.874247911407849,0.874247911407849
86,6,0.874247911407849,0.874247911407849,0.874247911407849,0.874247911407849
86,7,0.874247911407849,0.874247911407849,0.874247911407849,0.874247911407849
86,8,0.874247911407849,0.874247911407849,0.874247911407849,0.874247911407849
86,9,0.874247911407849,0.874247911407849,0.874247911407849,0.874247911407849
86,10,0.874247911407849,0.874247911407849,0.874247911407849,0.874247911407849
87,1,0.874247911407849,0.874247911407849,0.874247911407849,0.874247911407849
87,2,0.874247911407849,0.874247911407849,0.874247911407849,0.874247911407849
87,3,0.874247911407849,0.874247911407849,0.874247911407849,0.874247911407849
87,4,0.874247911407849,0.874247911407849,0.874247911407849,0.874247911407849
87,5,0.874247911407849,0.874247911407849,0.874247911407849,0.874247911407849
87,6,0.874247911407849,0.874247911407849,0.874247911407849,0.874247911407849
87,7,0.874247911407849,0.874247911407849,0.874247911407849,0.874247911407849
87,8,0.874247911407849,0.874247911407849,0.874247911407849,0.874247911407849
87,9,0.874247911407849,0.874247911407849,0.874247911407849,0.874247911407849
87,10,0.874247911407849,0.874247911407849,0.874247911407849,0.874247911407849
88,1,0.874247911407849,0.8742559368665616,0.8743281659949744,0.874247911407849
88,2,0.874247911407849,0.8742559368665616,0.8743281659949744,0.874247911407849
88,3,0.874247911407849,0.8742559368665616,0.8743281659949744,0.874247911407849
88,4,0.874247911407849,0.8742559368665616,0.8743281659949744,0.874247911407849
88,5,0.874247911407849,0.8742559368665616,0.8743281659949744,0.874247911407849
88,6,0.874247911407849,0.8742559368665616,0.8743281659949744,0.874247911407849
88,7,0.874247911407849,0.8742559368665616,0.8743281659949744,0.874247911407849
88,8,0.874247911407849,0.8742559368665616,0.8743281659949744,0.874247911407849
88,9,0.8743281659949744,0.8742559368665616,0.8743281659949744,0.874247911407849
88,10,0.874247911407849,0.8742559368665616,0.8743281659949744,0.874247911407849
89,1,0.8743281659949744,0.8742880387014118,0.8743281659949744,0.874247911407849
89,2,0.8743281659949744,0.8742880387014118,0.8743281659949744,0.874247911407849
89,3,0.8743281659949744,0.8742880387014118,0.8743281659949744,0.874247911407849
89,4,0.874247911407849,0.8742880387014118,0.8743281659949744,0.874247911407849
89,5,0.874247911407849,0.8742880387014118,0.8743281659949744,0.874247911407849
89,6,0.8743281659949744,0.8742880387014118,0.8743281659949744,0.874247911407849
89,7,0.874247911407849,0.8742880387014118,0.8743281659949744,0.874247911407849
89,8,0.874247911407849,0.8742880387014118,0.8743281659949744,0.874247911407849
89,9,0.8743281659949744,0.8742880387014118,0.8743281659949744,0.874247911407849
89,10,0.874247911407849,0.8742880387014118,0.8743281659949744,0.874247911407849
90,1,0.874247911407849,0.871362441786476,0.876612505642895,0.842660335309741
90,2,0.8743281659949744,0.871362441786476,0.876612505642895,0.842660335309741
90,3,0.8743281659949744,0.871362441786476,0.876612505642895,0.842660335309741
90,4,0.8743281659949744,0.871362441786476,0.876612505642895,0.842660335309741
90,5,0.8743281659949744,0.871362441786476,0.876612505642895,0.842660335309741
90,6,0.876612505642895,0.871362441786476,0.876612505642895,0.842660335309741
90,7,0.8743281659949744,0.871362441786476,0.876612505642895,0.842660335309741
90,8,0.8743281659949744,0.871362441786476,0.876612505642895,0.842660335309741
90,9,0.8741346695344296,0.871362441786476,0.876612505642895,0.842660335309741
90,10,0.842660335309741,0.871362441786476,0.876612505642895,0.842660335309741
91,1,0.8743281659949744,0.8746026794908925,0.876612505642895,0.872504621658315
91,2,0.876612505642895,0.8746026794908925,0.876612505642895,0.872504621658315
91,3,0.8743281659949744,0.8746026794908925,0.876612505642895,0.872504621658315
91,4,0.8743281659949744,0.8746026794908925,0.876612505642895,0.872504621658315
91,5,0.8743281659949744,0.8746026794908925,0.876612505642895,0.872504621658315
91,6,0.8743281659949744,0.8746026794908925,0.876612505642895,0.872504621658315
91,7,0.872504621658315,0.8746026794908925,0.876612505642895,0.872504621658315
91,8,0.8743281659949744,0.8746026794908925,0.876612505642895,0.872504621658315
91,9,0.8743281659949744,0.8746026794908925,0.876612505642895,0.872504621658315
91,10,0.876612505642895,0.8746026794908925,0.876612505642895,0.872504621658315
92,1,0.876612505642895,0.876155637713311,0.876612505642895,0.8743281659949744
92,2,0.876612505642895,0.876155637713311,0.876612505642895,0.8743281659949744
92,3,0.876612505642895,0.876155637713311,0.876612505642895,0.8743281659949744
92,4,0.876612505642895,0.876155637713311,0.876612505642895,0.8743281659949744
92,5,0.876612505642895,0.876155637713311,0.876612505642895,0.8743281659949744
92,6,0.8743281659949744,0.876155637713311,0.876612505642895,0.8743281659949744
92,7,0.876612505642895,0.876155637713311,0.876612505642895,0.8743281659949744
92,8,0.876612505642895,0.876155637713311,0.876612505642895,0.8743281659949744
92,9,0.876612505642895,0.876155637713311,0.876612505642895,0.8743281659949744
92,10,0.8743281659949744,0.876155637713311,0.876612505642895,0.8743281659949744
93,1,0.876612505642895,0.8766127065460168,0.8766145146741121,0.876612505642895
93,2,0.876612505642895,0.8766127065460168,0.8766145146741121,0.876612505642895
93,3,0.876612505642895,0.8766127065460168,0.8766145146741121,0.876612505642895
93,4,0.876612505642895,0.8766127065460168,0.8766145146741121,0.876612505642895
93,5,0.876612505642895,0.8766127065460168,0.8766145146741121,0.876612505642895
93,6,0.876612505642895,0.8766127065460168,0.8766145146741121,0.876612505642895
93,7,0.876612505642895,0.8766127065460168,0.8766145146741121,0.876612505642895
93,8,0.876612505642895,0.8766127065460168,0.8766145146741121,0.876612505642895
93,9,0.8766145146741121,0.8766127065460168,0.8766145146741121,0.876612505642895
93,10,0.876612505642895,0.8766127065460168,0.8766145146741121,0.876612505642895
94,1,0.876612505642895,0.8766127065460168,0.8766145146741121,0.876612505642895
94,2,0.876612505642895,0.8766127065460168,0.8766145146741121,0.876612505642895
94,3,0.876612505642895,0.8766127065460168,0.8766145146741121,0.876612505642895
94,4,0.8766145146741121,0.8766127065460168,0.8766145146741121,0.876612505642895
94,5,0.876612505642895,0.8766127065460168,0.8766145146741121,0.876612505642895
94,6,0.876612505642895,0.8766127065460168,0.8766145146741121,0.876612505642895
94,7,0.876612505642895,0.8766127065460168,0.8766145146741121,0.876612505642895
94,8,0.876612505642895,0.8766127065460168,0.8766145146741121,0.876612505642895
94,9,0.876612505642895,0.8766127065460168,0.8766145146741121,0.876612505642895
94,10,0.876612505642895,0.8766127065460168,0.8766145146741121,0.876612505642895
95,1,0.876612505642895,0.8766133092553818,0.8766145146741121,0.876612505642895
95,2,0.876612505642895,0.8766133092553818,0.8766145146741121,0.876612505642895
95,3,0.8766145146741121,0.8766133092553818,0.8766145146741121,0.876612505642895
95,4,0.8766145146741121,0.8766133092553818,0.8766145146741121,0.876612505642895
95,5,0.876612505642895,0.8766133092553818,0.8766145146741121,0.876612505642895
95,6,0.8766145146741121,0.8766133092553818,0.8766145146741121,0.876612505642895
95,7,0.876612505642895,0.8766133092553818,0.8766145146741121,0.876612505642895
95,8,0.876612505642895,0.8766133092553818,0.8766145146741121,0.876612505642895
95,9,0.8766145146741121,0.8766133092553818,0.8766145146741121,0.876612505642895
95,10,0.876612505642895,0.8766133092553818,0.8766145146741121,0.876612505642895
96,1,0.8766145146741121,0.8766143137709903,0.8766145146741121,0.876612505642895
96,2,0.8766145146741121,0.8766143137709903,0.8766145146741121,0.876612505642895
96,3,0.8766145146741121,0.8766143137709903,0.8766145146741121,0.876612505642895
96,4,0.8766145146741121,0.8766143137709903,0.8766145146741121,0.876612505642895
96,5,0.8766145146741121,0.8766143137709903,0.8766145146741121,0.876612505642895
96,6,0.8766145146741121,0.8766143137709903,0.8766145146741121,0.876612505642895
96,7,0.8766145146741121,0.8766143137709903,0.8766145146741121,0.876612505642895
96,8,0.8766145146741121,0.8766143137709903,0.8766145146741121,0.876612505642895
96,9,0.8766145146741121,0.8766143137709903,0.8766145146741121,0.876612505642895
96,10,0.876612505642895,0.8766143137709903,0.8766145146741121,0.876612505642895
97,1,0.8766145146741121,0.876614514674112,0.8766145146741121,0.8766145146741121
97,2,0.8766145146741121,0.876614514674112,0.8766145146741121,0.8766145146741121
97,3,0.8766145146741121,0.876614514674112,0.8766145146741121,0.8766145146741121
97,4,0.8766145146741121,0.876614514674112,0.8766145146741121,0.8766145146741121
97,5,0.8766145146741121,0.876614514674112,0.8766145146741121,0.8766145146741121
97,6,0.8766145146741121,0.876614514674112,0.8766145146741121,0.8766145146741121
97,7,0.8766145146741121,0.876614514674112,0.8766145146741121,0.8766145146741121
97,8,0.8766145146741121,0.876614514674112,0.8766145146741121,0.8766145146741121
97,9,0.8766145146741121,0.876614514674112,0.8766145146741121,0.8766145146741121
97,10,0.8766145146741121,0.876614514674112,0.8766145146741121,0.8766145146741121
98,1,0.8766145146741121,0.8765819183643572,0.8766145146741121,0.8762885515765634
98,2,0.8766145146741121,0.8765819183643572,0.8766145146741121,0.8762885515765634
98,3,0.8766145146741121,0.8765819183643572,0.8766145146741121,0.8762885515765634
98,4,0.8766145146741121,0.8765819183643572,0.8766145146741121,0.8762885515765634
98,5,0.8766145146741121,0.8765819183643572,0.8766145146741121,0.8762885515765634
98,6,0.8762885515765634,0.8765819183643572,0.8766145146741121,0.8762885515765634
98,7,0.8766145146741121,0.8765819183643572,0.8766145146741121,0.8762885515765634
98,8,0.8766145146741121,0.8765819183643572,0.8766145146741121,0.8762885515765634
98,9,0.8766145146741121,0.8765819183643572,0.8766145146741121,0.8762885515765634
98,10,0.8766145146741121,0.8765819183643572,0.8766145146741121,0.8762885515765634
99,1,0.8766145146741121,0.8766144700289541,0.8766145146741121,0.8766140682225315
99,2,0.8766145146741121,0.8766144700289541,0.8766145146741121,0.8766140682225315
99,3,0.8766145146741121,0.8766144700289541,0.8766145146741121,0.8766140682225315
99,4,0.8766140682225315,0.8766144700289541,0.8766145146741121,0.8766140682225315
99,5,0.8766145146741121,0.8766144700289541,0.8766145146741121,0.8766140682225315
99,6,0.8766145146741121,0.8766144700289541,0.8766145146741121,0.8766140682225315
99,7,0.8766145146741121,0.8766144700289541,0.8766145146741121,0.8766140682225315
99,8,0.8766145146741121,0.8766144700289541,0.8766145146741121,0.8766140682225315
99,9,0.8766145146741121,0.8766144700289541,0.8766145146741121,0.8766140682225315
99,10,0.8766145146741121,0.8766144700289541,0.8766145146741121,0.8766140682225315
